,LongDest,LatDest,LongOrig,LatOrig
0,-51.175381099999996,-29.9934732,-49.1724811,-25.5327132
1,-80.28704570000001,25.795865,-51.175381099999996,-29.9934732
5,-49.1724811,-25.5327132,-80.28704570000001,25.795865
93,-47.9172348,-15.869736900000001,-80.28704570000001,25.795865
124,-80.28704570000001,25.795865,-47.9172348,-15.869736900000001
155,-38.3312411,-12.9110977,-80.28704570000001,25.795865
172,-80.28704570000001,25.795865,-38.3312411,-12.9110977
189,-46.478126,-23.434552899999996,-80.28704570000001,25.795865
215,-80.28704570000001,25.795865,-46.478126,-23.434552899999996
246,-34.924015399999995,-8.1259315,-80.28704570000001,25.795865
273,-80.28704570000001,25.795865,-34.924015399999995,-8.1259315
300,-43.2494233,-22.8134098,-80.28704570000001,25.795865
319,-80.28704570000001,25.795865,-43.2494233,-22.8134098
412,-47.1375685,-23.008205,-80.28704570000001,25.795865
505,-73.77813909999999,40.6413111,-46.478126,-23.434552899999996
536,-46.478126,-23.434552899999996,-73.77813909999999,40.6413111
567,-60.046324899999995,-3.0358473999999998,-80.28704570000001,25.795865
598,-80.28704570000001,25.795865,-60.046324899999995,-3.0358473999999998
629,-43.2494233,-22.8134098,-73.77813909999999,40.6413111
660,-73.77813909999999,40.6413111,-43.2494233,-22.8134098
709,-43.965396000000005,-19.634099,-80.28704570000001,25.795865
740,-80.28704570000001,25.795865,-43.965396000000005,-19.634099
802,-80.28704570000001,25.795865,-47.1375685,-23.008205
833,-46.478126,-23.434552899999996,-79.6248197,43.6777176
864,-79.6248197,43.6777176,-46.478126,-23.434552899999996
895,-43.2494233,-22.8134098,-79.6248197,43.6777176
908,-79.6248197,43.6777176,-43.2494233,-22.8134098
921,-46.478126,-23.434552899999996,-3.5679515,40.4839361
952,-3.5679515,40.4839361,-46.478126,-23.434552899999996
983,-38.3312411,-12.9110977,-3.5679515,40.4839361
996,-3.5679515,40.4839361,-38.3312411,-12.9110977
1009,-43.2494233,-22.8134098,2.5479244999999997,49.0096906
1040,2.5479244999999997,49.0096906,-43.2494233,-22.8134098
1107,-46.478126,-23.434552899999996,2.5479244999999997,49.0096906
1169,2.5479244999999997,49.0096906,-46.478126,-23.434552899999996
1231,2.5479244999999997,49.0096906,-47.9172348,-15.869736900000001
1244,-47.9172348,-15.869736900000001,2.5479244999999997,49.0096906
1257,-46.478126,-23.434552899999996,-74.14449690000001,4.7014128
1288,-74.14449690000001,4.7014128,-46.478126,-23.434552899999996
1319,-51.175381099999996,-29.9934732,-58.534828399999995,-34.8150044
1320,-58.534828399999995,-34.8150044,-51.175381099999996,-29.9934732
1321,-46.478126,-23.434552899999996,-58.536758999999996,-34.816662
1342,-58.536758999999996,-34.816662,-46.478126,-23.434552899999996
1443,-43.2494233,-22.8134098,-58.536758999999996,-34.816662
1465,-58.536758999999996,-34.816662,-43.2494233,-22.8134098
1539,-43.2494233,-22.8134098,-58.534828399999995,-34.8150044
1570,-58.534828399999995,-34.8150044,-43.2494233,-22.8134098
1663,-48.5459657,-27.670118,-58.536758999999996,-34.816662
1673,-58.536758999999996,-34.816662,-48.5459657,-27.670118
1683,-48.5459657,-27.670118,-58.534828399999995,-34.8150044
1710,-58.534828399999995,-34.8150044,-48.5459657,-27.670118
1797,-38.3312411,-12.9110977,-58.534828399999995,-34.8150044
1824,-58.534828399999995,-34.8150044,-38.3312411,-12.9110977
1851,-39.0821431,-16.4395303,-58.536758999999996,-34.816662
1859,-58.536758999999996,-34.816662,-39.0821431,-16.4395303
1867,-39.0821431,-16.4395303,-58.534828399999995,-34.8150044
1872,-58.534828399999995,-34.8150044,-39.0821431,-16.4395303
1905,-51.175381099999996,-29.9934732,-58.536758999999996,-34.816662
1937,-58.536758999999996,-34.816662,-51.175381099999996,-29.9934732
2039,-43.965396000000005,-19.634099,-58.536758999999996,-34.816662
2052,-58.536758999999996,-34.816662,-43.965396000000005,-19.634099
2066,-49.1724811,-25.5327132,-58.536758999999996,-34.816662
2089,-58.536758999999996,-34.816662,-49.1724811,-25.5327132
2112,-47.9172348,-15.869736900000001,-58.534828399999995,-34.8150044
2130,-58.534828399999995,-34.8150044,-47.9172348,-15.869736900000001
2223,-46.478126,-23.434552899999996,-58.534828399999995,-34.8150044
2254,-58.534828399999995,-34.8150044,-46.478126,-23.434552899999996
2473,-74.14449690000001,4.7014128,-43.2494233,-22.8134098
2504,-43.2494233,-22.8134098,-74.14449690000001,4.7014128
2535,-43.2494233,-22.8134098,12.592979,41.7990531
2566,12.592979,41.7990531,-43.2494233,-22.8134098
2597,-46.478126,-23.434552899999996,12.592979,41.7990531
2628,12.592979,41.7990531,-46.478126,-23.434552899999996
2659,-43.1648755,-22.911143799999998,-46.478126,-23.434552899999996
2685,-46.478126,-23.434552899999996,-43.1648755,-22.911143799999998
2862,-43.1648755,-22.911143799999998,-40.2835346,-20.257648899999996
2888,-40.2835346,-20.257648899999996,-43.1648755,-22.911143799999998
2909,-43.965396000000005,-19.634099,-46.478126,-23.434552899999996
2935,-46.478126,-23.434552899999996,-43.965396000000005,-19.634099
3160,-43.965396000000005,-19.634099,-47.1375685,-23.008205
3186,-47.1375685,-23.008205,-43.965396000000005,-19.634099
3212,-47.1375685,-23.008205,-47.7751674,-21.134750699999998
3238,-43.1648755,-22.911143799999998,-51.175381099999996,-29.9934732
3259,-48.4775227,-1.3820615,-52.2490864,-3.2535656000000004
3264,-52.2490864,-3.2535656000000004,-48.4775227,-1.3820615
3269,-56.117268700000004,-15.653078599999999,-47.9172348,-15.869736900000001
3271,-47.9172348,-15.869736900000001,-43.965396000000005,-19.634099
3321,-43.965396000000005,-19.634099,-47.9172348,-15.869736900000001
3322,-47.9172348,-15.869736900000001,-56.117268700000004,-15.653078599999999
3373,-47.1375685,-23.008205,-43.9548899,-19.8498475
3394,-47.9172348,-15.869736900000001,-46.478126,-23.434552899999996
3398,-40.2835346,-20.257648899999996,-46.478126,-23.434552899999996
3403,-43.9548899,-19.8498475,-47.1375685,-23.008205
3451,-35.792882899999995,-9.5116056,-46.478126,-23.434552899999996
3461,-46.478126,-23.434552899999996,-35.792882899999995,-9.5116056
3466,-47.4560696,-5.5316945,-43.965396000000005,-19.634099
3492,-43.965396000000005,-19.634099,-47.4560696,-5.5316945
3518,-34.924015399999995,-8.1259315,-49.1724811,-25.5327132
3523,-49.1724811,-25.5327132,-34.924015399999995,-8.1259315
3528,-35.3673819,-5.768370200000001,-46.478126,-23.434552899999996
3611,-38.3312411,-12.9110977,-46.478126,-23.434552899999996
3637,-47.9172348,-15.869736900000001,-60.046324899999995,-3.0358473999999998
3642,-39.0821431,-16.4395303,-49.1724811,-25.5327132
3647,-49.1724811,-25.5327132,-39.0821431,-16.4395303
3652,-48.3575251,-10.294325599999999,-43.965396000000005,-19.634099
3678,-43.965396000000005,-19.634099,-48.3575251,-10.294325599999999
3762,-45.010200299999994,-12.078983000000001,-43.965396000000005,-19.634099
3788,-43.965396000000005,-19.634099,-45.010200299999994,-12.078983000000001
3814,-49.1724811,-25.5327132,-46.478126,-23.434552899999996
3835,-46.478126,-23.434552899999996,-49.1724811,-25.5327132
3873,-43.8200869,-16.704617199999998,-43.965396000000005,-19.634099
3878,-46.478126,-23.434552899999996,-51.175381099999996,-29.9934732
3883,-46.6565842,-23.6273246,-43.965396000000005,-19.634099
3888,-43.965396000000005,-19.634099,-46.6565842,-23.6273246
3893,-43.965396000000005,-19.634099,-41.9854826,-18.897595499999998
3919,-41.9854826,-18.897595499999998,-43.965396000000005,-19.634099
3945,-38.3312411,-12.9110977,-47.1375685,-23.008205
3947,-47.1375685,-23.008205,-49.1724811,-25.5327132
3955,-46.478126,-23.434552899999996,-35.3673819,-5.768370200000001
3960,-49.1724811,-25.5327132,-51.175381099999996,-29.9934732
3961,-51.133159899999995,-23.332071399999997,-49.1724811,-25.5327132
3963,-56.117268700000004,-15.653078599999999,-51.133159899999995,-23.332071399999997
4038,-51.133159899999995,-23.332071399999997,-56.117268700000004,-15.653078599999999
4039,-49.1724811,-25.5327132,-51.133159899999995,-23.332071399999997
4116,-60.046324899999995,-3.0358473999999998,-63.89832,-8.7141702
4117,-63.89832,-8.7141702,-56.117268700000004,-15.653078599999999
4120,-56.117268700000004,-15.653078599999999,-46.478126,-23.434552899999996
4194,-46.478126,-23.434552899999996,-56.117268700000004,-15.653078599999999
4220,-46.478126,-23.434552899999996,-43.9548899,-19.8498475
4246,-47.4560696,-5.5316945,-48.4775227,-1.3820615
4267,-48.4775227,-1.3820615,-47.4560696,-5.5316945
4288,-51.067109499999994,0.05000809999999999,-48.4775227,-1.3820615
4293,-48.4775227,-1.3820615,-51.067109499999994,0.05000809999999999
4298,-43.9548899,-19.8498475,-46.478126,-23.434552899999996
4329,-51.4176625,-22.1783402,-47.1375685,-23.008205
4334,-48.649086700000005,-26.8805344,-43.1648755,-22.911143799999998
4360,-43.965396000000005,-19.634099,-43.1648755,-22.911143799999998
4361,-43.1648755,-22.911143799999998,-48.649086700000005,-26.8805344
4402,-35.3673819,-5.768370200000001,-34.924015399999995,-8.1259315
4433,-56.117268700000004,-15.653078599999999,-52.0164842,-23.4766098
4459,-54.4909265,-25.5938142,-47.1375685,-23.008205
4464,-47.1375685,-23.008205,-54.4909265,-25.5938142
4469,-52.0164842,-23.4766098,-56.117268700000004,-15.653078599999999
4516,-46.478126,-23.434552899999996,-49.2221166,-16.632488000000002
4521,-50.958645700000005,-17.836782,-47.1375685,-23.008205
4547,-47.1375685,-23.008205,-50.958645700000005,-17.836782
4573,-48.649086700000005,-26.8805344,-46.478126,-23.434552899999996
4599,-46.478126,-23.434552899999996,-39.0317095,-14.8140511
4617,-51.4176625,-22.1783402,-51.133159899999995,-23.332071399999997
4619,-34.924015399999995,-8.1259315,-51.4176625,-22.1783402
4627,-51.133159899999995,-23.332071399999997,-51.4176625,-22.1783402
4628,-51.4176625,-22.1783402,-34.924015399999995,-8.1259315
4637,-43.965396000000005,-19.634099,-40.2835346,-20.257648899999996
4663,-46.478126,-23.434552899999996,-47.7751674,-21.134750699999998
4689,-40.2835346,-20.257648899999996,-43.965396000000005,-19.634099
4715,-49.2221166,-16.632488000000002,-43.965396000000005,-19.634099
4772,-43.965396000000005,-19.634099,-49.2221166,-16.632488000000002
4846,-48.2308653,-18.888969,-43.965396000000005,-19.634099
4867,-43.965396000000005,-19.634099,-48.2308653,-18.888969
4930,-47.9623702,-19.766046399999997,-43.965396000000005,-19.634099
4951,-43.965396000000005,-19.634099,-47.9623702,-19.766046399999997
4977,-42.4876846,-19.4744301,-43.965396000000005,-19.634099
5003,-43.965396000000005,-19.634099,-42.4876846,-19.4744301
5024,-48.2308653,-18.888969,-43.1648755,-22.911143799999998
5050,-43.1648755,-22.911143799999998,-48.2308653,-18.888969
5076,-34.924015399999995,-8.1259315,-43.965396000000005,-19.634099
5077,-43.965396000000005,-19.634099,-51.175381099999996,-29.9934732
5128,-51.175381099999996,-29.9934732,-43.965396000000005,-19.634099
5133,-43.965396000000005,-19.634099,-34.924015399999995,-8.1259315
5180,-47.1375685,-23.008205,-43.1648755,-22.911143799999998
5206,-49.1724811,-25.5327132,-46.6565842,-23.6273246
5251,-44.2348802,-2.5849927000000004,-43.965396000000005,-19.634099
5277,-43.965396000000005,-19.634099,-44.2348802,-2.5849927000000004
5306,-43.1648755,-22.911143799999998,-43.965396000000005,-19.634099
5381,-43.1648755,-22.911143799999998,-47.1375685,-23.008205
5386,-47.7751674,-21.134750699999998,-46.478126,-23.434552899999996
5578,-40.863057299999994,-14.8662434,-43.965396000000005,-19.634099
5599,-43.2494233,-22.8134098,-43.965396000000005,-19.634099
5601,-43.965396000000005,-19.634099,-60.046324899999995,-3.0358473999999998
5627,-43.965396000000005,-19.634099,-40.863057299999994,-14.8662434
5648,-34.924015399999995,-8.1259315,-47.7751674,-21.134750699999998
5653,-47.7751674,-21.134750699999998,-34.924015399999995,-8.1259315
5658,-39.0821431,-16.4395303,-51.4176625,-22.1783402
5661,-51.4176625,-22.1783402,-52.0164842,-23.4766098
5668,-51.4176625,-22.1783402,-39.0821431,-16.4395303
5669,-52.0164842,-23.4766098,-51.4176625,-22.1783402
5678,-63.89832,-8.7141702,-60.046324899999995,-3.0358473999999998
5680,-43.965396000000005,-19.634099,-43.2494233,-22.8134098
5683,-60.046324899999995,-3.0358473999999998,-43.965396000000005,-19.634099
5871,-54.6741233,-20.4686937,-43.1648755,-22.911143799999998
5897,-43.1648755,-22.911143799999998,-54.6741233,-20.4686937
6095,-46.478126,-23.434552899999996,-54.6741233,-20.4686937
6139,-39.6695735,-17.522716600000003,-43.965396000000005,-19.634099
6144,-43.965396000000005,-19.634099,-39.6695735,-17.522716600000003
6149,-56.117268700000004,-15.653078599999999,-43.965396000000005,-19.634099
6201,-43.965396000000005,-19.634099,-56.117268700000004,-15.653078599999999
6202,-56.117268700000004,-15.653078599999999,-63.89832,-8.7141702
6253,-47.1375685,-23.008205,-49.4066209,-20.8159034
6278,-55.5814853,-11.8786454,-47.1375685,-23.008205
6295,-47.1375685,-23.008205,-55.5814853,-11.8786454
6318,-56.117268700000004,-15.653078599999999,-55.5814853,-11.8786454
6344,-55.5814853,-11.8786454,-56.117268700000004,-15.653078599999999
6458,-43.1709909,-21.514326800000003,-47.1375685,-23.008205
6484,-47.1375685,-23.008205,-43.1709909,-21.514326800000003
6536,-56.105199600000006,-9.8723571,-56.117268700000004,-15.653078599999999
6567,-56.117268700000004,-15.653078599999999,-56.105199600000006,-9.8723571
6598,-47.9172348,-15.869736900000001,-47.1375685,-23.008205
6619,-47.1375685,-23.008205,-47.9172348,-15.869736900000001
6661,-43.965396000000005,-19.634099,-43.8200869,-16.704617199999998
6721,-51.175381099999996,-29.9934732,-46.6565842,-23.6273246
6752,-52.0164842,-23.4766098,-46.478126,-23.434552899999996
6773,-46.478126,-23.434552899999996,-52.0164842,-23.4766098
6799,-47.1375685,-23.008205,-51.4176625,-22.1783402
6839,-60.10048760000001,-12.689778500000001,-56.117268700000004,-15.653078599999999
6866,-49.1369385,-5.3717191,-48.4775227,-1.3820615
6868,-43.965396000000005,-19.634099,-49.1369385,-5.3717191
6969,-48.4775227,-1.3820615,-49.1369385,-5.3717191
6971,-49.1369385,-5.3717191,-43.965396000000005,-19.634099
7053,-56.117268700000004,-15.653078599999999,-60.10048760000001,-12.689778500000001
7082,-32.4243853,-3.8546145,-34.924015399999995,-8.1259315
7113,-34.924015399999995,-8.1259315,-32.4243853,-3.8546145
7201,-42.8211703,-5.0635434,-47.1375685,-23.008205
7232,-49.2221166,-16.632488000000002,-43.1648755,-22.911143799999998
7253,-43.1648755,-22.911143799999998,-49.2221166,-16.632488000000002
7274,-47.1375685,-23.008205,-42.8211703,-5.0635434
7345,-48.4775227,-1.3820615,-54.786243299999995,-2.4248295
7348,-54.786243299999995,-2.4248295,-60.046324899999995,-3.0358473999999998
7430,-54.786243299999995,-2.4248295,-48.4775227,-1.3820615
7436,-60.046324899999995,-3.0358473999999998,-54.786243299999995,-2.4248295
7798,-61.4499127,-11.490946000000001,-56.117268700000004,-15.653078599999999
7824,-56.117268700000004,-15.653078599999999,-61.4499127,-11.490946000000001
7891,-39.272229100000004,-7.215097200000001,-47.1375685,-23.008205
7892,-40.5660751,-9.3665077,-39.272229100000004,-7.215097200000001
7894,-47.1375685,-23.008205,-40.5660751,-9.3665077
7984,-34.924015399999995,-8.1259315,-35.792882899999995,-9.5116056
8005,-35.3673819,-5.768370200000001,-38.5330966,-3.7771555
8006,-49.2221166,-16.632488000000002,-35.3673819,-5.768370200000001
8008,-38.5330966,-3.7771555,-49.2221166,-16.632488000000002
8025,-34.924015399999995,-8.1259315,-49.2221166,-16.632488000000002
8030,-49.2221166,-16.632488000000002,-34.924015399999995,-8.1259315
8035,-39.0317095,-14.8140511,-43.965396000000005,-19.634099
8081,-49.2221166,-16.632488000000002,-56.117268700000004,-15.653078599999999
8112,-56.117268700000004,-15.653078599999999,-49.2221166,-16.632488000000002
8143,-34.924015399999995,-8.1259315,-46.478126,-23.434552899999996
8208,-46.478126,-23.434552899999996,-34.924015399999995,-8.1259315
8298,-38.991172999999996,-13.303276,-43.965396000000005,-19.634099
8312,-43.965396000000005,-19.634099,-38.991172999999996,-13.303276
8318,-46.6565842,-23.6273246,-49.1724811,-25.5327132
8354,-40.863057299999994,-14.8662434,-38.3312411,-12.9110977
8359,-34.924015399999995,-8.1259315,-37.07624620000001,-10.9822278
8401,-37.07624620000001,-10.9822278,-34.924015399999995,-8.1259315
8402,-34.924015399999995,-8.1259315,-35.3673819,-5.768370200000001
8516,-47.1375685,-23.008205,-38.3312411,-12.9110977
8594,-38.5330966,-3.7771555,-34.924015399999995,-8.1259315
8595,-48.4775227,-1.3820615,-38.5330966,-3.7771555
8596,-60.046324899999995,-3.0358473999999998,-48.4775227,-1.3820615
8597,-34.924015399999995,-8.1259315,-38.3312411,-12.9110977
8614,-38.3312411,-12.9110977,-34.924015399999995,-8.1259315
8615,-38.5330966,-3.7771555,-48.4775227,-1.3820615
8616,-48.4775227,-1.3820615,-60.046324899999995,-3.0358473999999998
8621,-34.924015399999995,-8.1259315,-38.5330966,-3.7771555
8622,-46.478126,-23.434552899999996,-38.3312411,-12.9110977
8644,-46.478126,-23.434552899999996,-48.799841799999996,-26.2234999
8670,-48.799841799999996,-26.2234999,-46.478126,-23.434552899999996
8701,-47.1375685,-23.008205,-34.950613700000005,-7.147060000000001
8706,-46.6565842,-23.6273246,-51.175381099999996,-29.9934732
8715,-35.792882899999995,-9.5116056,-34.924015399999995,-8.1259315
8763,-32.4243853,-3.8546145,-35.3673819,-5.768370200000001
8816,-35.3673819,-5.768370200000001,-32.4243853,-3.8546145
8929,-34.924015399999995,-8.1259315,-47.1375685,-23.008205
8934,-47.1375685,-23.008205,-34.924015399999995,-8.1259315
8939,-48.2308653,-18.888969,-49.4066209,-20.8159034
8940,-39.0821431,-16.4395303,-48.2308653,-18.888969
8949,-49.4066209,-20.8159034,-48.2308653,-18.888969
8950,-48.2308653,-18.888969,-39.0821431,-16.4395303
8974,-38.3312411,-12.9110977,-39.0821431,-16.4395303
8979,-49.1724811,-25.5327132,-47.1375685,-23.008205
8984,-38.5330966,-3.7771555,-43.965396000000005,-19.634099
8989,-43.965396000000005,-19.634099,-38.5330966,-3.7771555
8994,-35.792882899999995,-9.5116056,-43.965396000000005,-19.634099
8999,-43.965396000000005,-19.634099,-35.792882899999995,-9.5116056
9004,-35.3673819,-5.768370200000001,-43.965396000000005,-19.634099
9009,-43.965396000000005,-19.634099,-35.3673819,-5.768370200000001
9019,-39.0821431,-16.4395303,-43.965396000000005,-19.634099
9024,-43.965396000000005,-19.634099,-39.0821431,-16.4395303
9029,-38.3312411,-12.9110977,-43.965396000000005,-19.634099
9034,-43.965396000000005,-19.634099,-38.3312411,-12.9110977
9081,-39.0821431,-16.4395303,-38.3312411,-12.9110977
9393,-38.3312411,-12.9110977,-40.863057299999994,-14.8662434
9419,-39.0821431,-16.4395303,-47.7751674,-21.134750699999998
9424,-47.7751674,-21.134750699999998,-39.0821431,-16.4395303
9429,-48.5459657,-27.670118,-47.1375685,-23.008205
9455,-47.1375685,-23.008205,-48.5459657,-27.670118
9481,-38.249740700000004,-9.4006288,-38.3312411,-12.9110977
9494,-38.3312411,-12.9110977,-38.249740700000004,-9.4006288
9507,-41.2755432,-12.4837489,-38.3312411,-12.9110977
9511,-38.3312411,-12.9110977,-41.2755432,-12.4837489
9515,-34.950613700000005,-7.147060000000001,-38.5330966,-3.7771555
9516,-38.3312411,-12.9110977,-34.950613700000005,-7.147060000000001
9567,-34.950613700000005,-7.147060000000001,-38.3312411,-12.9110977
9575,-38.5330966,-3.7771555,-34.950613700000005,-7.147060000000001
9619,-69.939394,-4.2503801,-60.046324899999995,-3.0358473999999998
9650,-60.046324899999995,-3.0358473999999998,-69.939394,-4.2503801
9681,-54.4909265,-25.5938142,-49.1724811,-25.5327132
9707,-49.1724811,-25.5327132,-54.4909265,-25.5938142
9774,-38.5330966,-3.7771555,-44.2348802,-2.5849927000000004
9779,-44.2348802,-2.5849927000000004,-47.4560696,-5.5316945
9819,-41.2755432,-12.4837489,-43.965396000000005,-19.634099
9828,-43.965396000000005,-19.634099,-41.2755432,-12.4837489
9837,-42.079235700000005,-22.9256289,-43.965396000000005,-19.634099
9846,-43.965396000000005,-19.634099,-42.079235700000005,-22.9256289
9855,-56.7696703,-2.669512,-60.046324899999995,-3.0358473999999998
9860,-60.046324899999995,-3.0358473999999998,-56.7696703,-2.669512
9865,-56.0068645,-4.2457249,-48.4775227,-1.3820615
9867,-54.786243299999995,-2.4248295,-56.0068645,-4.2457249
9869,-48.4775227,-1.3820615,-56.390135,-1.4855014
9871,-56.390135,-1.4855014,-54.786243299999995,-2.4248295
9901,-48.4775227,-1.3820615,-56.0068645,-4.2457249
9902,-56.390135,-1.4855014,-48.4775227,-1.3820615
9903,-56.0068645,-4.2457249,-54.786243299999995,-2.4248295
9904,-54.786243299999995,-2.4248295,-56.390135,-1.4855014
9942,-60.69259029999999,2.8419237999999996,-60.046324899999995,-3.0358473999999998
9947,-60.046324899999995,-3.0358473999999998,-60.69259029999999,2.8419237999999996
9968,-60.046324899999995,-3.0358473999999998,-47.1375685,-23.008205
10020,-47.1375685,-23.008205,-60.046324899999995,-3.0358473999999998
10072,-43.1709909,-21.514326800000003,-46.478126,-23.434552899999996
10093,-46.478126,-23.434552899999996,-43.1709909,-21.514326800000003
10155,-52.3296274,-28.2428363,-47.1375685,-23.008205
10160,-47.1375685,-23.008205,-52.3296274,-28.2428363
10165,-54.6741233,-20.4686937,-49.1724811,-25.5327132
10168,-56.117268700000004,-15.653078599999999,-54.6741233,-20.4686937
10269,-54.6741233,-20.4686937,-56.117268700000004,-15.653078599999999
10275,-49.1724811,-25.5327132,-54.6741233,-20.4686937
10419,-46.478126,-23.434552899999996,-40.2835346,-20.257648899999996
10492,-51.175381099999996,-29.9934732,-48.799841799999996,-26.2234999
10574,-47.7751674,-21.134750699999998,-47.1375685,-23.008205
10594,-43.965396000000005,-19.634099,-39.0317095,-14.8140511
10730,-60.046324899999995,-3.0358473999999998,-47.9172348,-15.869736900000001
10777,-46.478126,-23.434552899999996,-47.9172348,-15.869736900000001
10778,-51.175381099999996,-29.9934732,-46.478126,-23.434552899999996
10890,-44.2348802,-2.5849927000000004,-38.5330966,-3.7771555
10896,-47.4560696,-5.5316945,-44.2348802,-2.5849927000000004
11068,-56.4498277,-21.243192,-46.478126,-23.434552899999996
11069,-46.478126,-23.434552899999996,-56.4498277,-21.243192
11073,-54.6741233,-20.4686937,-47.1375685,-23.008205
11080,-47.1375685,-23.008205,-54.6741233,-20.4686937
11140,-39.0821431,-16.4395303,-46.6565842,-23.6273246
11145,-46.6565842,-23.6273246,-39.0821431,-16.4395303
11164,-45.010200299999994,-12.078983000000001,-47.9172348,-15.869736900000001
11170,-50.0010055,-6.114454,-43.965396000000005,-19.634099
11252,-53.501918,-25.001815,-47.1375685,-23.008205
11329,-49.1724811,-25.5327132,-43.1648755,-22.911143799999998
11354,-43.1648755,-22.911143799999998,-49.1724811,-25.5327132
11411,-51.133159899999995,-23.332071399999997,-47.1375685,-23.008205
11416,-47.1375685,-23.008205,-51.133159899999995,-23.332071399999997
11478,-47.1375685,-23.008205,-52.0164842,-23.4766098
11483,-51.175381099999996,-29.9934732,-52.3279312,-31.71795
11498,-52.0164842,-23.4766098,-47.1375685,-23.008205
11503,-40.2835346,-20.257648899999996,-47.1375685,-23.008205
11508,-46.6565842,-23.6273246,-39.0317095,-14.8140511
11516,-49.720298799999995,-3.7860099999999997,-48.4775227,-1.3820615
11522,-49.1369385,-5.3717191,-49.720298799999995,-3.7860099999999997
11552,-38.907428100000004,-12.2011856,-43.965396000000005,-19.634099
11567,-43.965396000000005,-19.634099,-38.907428100000004,-12.2011856
11572,-39.0317095,-14.8140511,-46.6565842,-23.6273246
11823,-43.1648755,-22.911143799999998,-41.30818370000001,-21.7011171
11924,-47.1375685,-23.008205,-48.649086700000005,-26.8805344
11985,-41.30818370000001,-21.7011171,-43.1648755,-22.911143799999998
12383,-51.175381099999996,-29.9934732,-47.1375685,-23.008205
12664,-47.1375685,-23.008205,-51.175381099999996,-29.9934732
12742,-48.649086700000005,-26.8805344,-47.1375685,-23.008205
12743,-51.175381099999996,-29.9934732,-48.649086700000005,-26.8805344
12872,-56.4498277,-21.243192,-47.1375685,-23.008205
12877,-47.1375685,-23.008205,-56.4498277,-21.243192
13136,-47.1375685,-23.008205,-40.2835346,-20.257648899999996
13150,-49.4066209,-20.8159034,-47.1375685,-23.008205
13258,-56.117268700000004,-15.653078599999999,-47.1375685,-23.008205
13347,-47.1375685,-23.008205,-56.117268700000004,-15.653078599999999
13551,-43.965396000000005,-19.634099,-48.4775227,-1.3820615
13649,-35.792882899999995,-9.5116056,-47.1375685,-23.008205
13650,-37.07624620000001,-10.9822278,-35.792882899999995,-9.5116056
13654,-47.1375685,-23.008205,-37.07624620000001,-10.9822278
13742,-47.1375685,-23.008205,-35.792882899999995,-9.5116056
13744,-37.07624620000001,-10.9822278,-47.1375685,-23.008205
13747,-35.792882899999995,-9.5116056,-37.07624620000001,-10.9822278
13879,-48.649086700000005,-26.8805344,-51.175381099999996,-29.9934732
13950,-49.2221166,-16.632488000000002,-47.1375685,-23.008205
14058,-43.1648755,-22.911143799999998,-43.9548899,-19.8498475
14178,-47.1375685,-23.008205,-49.2221166,-16.632488000000002
14220,-47.1375685,-23.008205,-49.4222546,-28.7232502
14256,-43.9548899,-19.8498475,-43.1648755,-22.911143799999998
14282,-54.924882499999995,-22.1971221,-47.1375685,-23.008205
14475,-47.1375685,-23.008205,-48.799841799999996,-26.2234999
14494,-48.3575251,-10.294325599999999,-49.2221166,-16.632488000000002
14557,-49.2221166,-16.632488000000002,-48.3575251,-10.294325599999999
14742,-54.6741233,-20.4686937,-46.478126,-23.434552899999996
15063,-48.4775227,-1.3820615,-43.965396000000005,-19.634099
15208,-39.0821431,-16.4395303,-47.1375685,-23.008205
15213,-47.1375685,-23.008205,-39.0821431,-16.4395303
15498,-47.1375685,-23.008205,-43.2494233,-22.8134098
15501,-35.3673819,-5.768370200000001,-47.1375685,-23.008205
15550,-47.1375685,-23.008205,-35.3673819,-5.768370200000001
15551,-43.2494233,-22.8134098,-47.1375685,-23.008205
16167,-47.1375685,-23.008205,-48.2308653,-18.888969
16193,-49.9298086,-22.1970898,-47.1375685,-23.008205
16195,-47.1375685,-23.008205,-49.0721697,-22.165992199999998
16196,-49.0721697,-22.165992199999998,-49.9298086,-22.1970898
16412,-42.8211703,-5.0635434,-38.5330966,-3.7771555
16414,-44.2348802,-2.5849927000000004,-42.8211703,-5.0635434
16567,-38.5330966,-3.7771555,-42.8211703,-5.0635434
16568,-42.8211703,-5.0635434,-44.2348802,-2.5849927000000004
16774,-48.799841799999996,-26.2234999,-47.1375685,-23.008205
16848,-34.950613700000005,-7.147060000000001,-47.1375685,-23.008205
17010,-47.1375685,-23.008205,-52.6606432,-27.134138500000002
17013,-52.6606432,-27.134138500000002,-51.175381099999996,-29.9934732
17052,-51.175381099999996,-29.9934732,-52.6606432,-27.134138500000002
17054,-52.6606432,-27.134138500000002,-47.1375685,-23.008205
17104,-42.8211703,-5.0635434,-34.924015399999995,-8.1259315
17197,-34.924015399999995,-8.1259315,-42.8211703,-5.0635434
17550,-51.1869302,-29.1949191,-47.1375685,-23.008205
17571,-47.1375685,-23.008205,-51.1869302,-29.1949191
17622,-47.1375685,-23.008205,-54.924882499999995,-22.1971221
18497,-47.1375685,-23.008205,-50.4259826,-21.137590799999998
18523,-50.4259826,-21.137590799999998,-47.1375685,-23.008205
18564,-48.5459657,-27.670118,-51.175381099999996,-29.9934732
18620,-51.175381099999996,-29.9934732,-48.5459657,-27.670118
18906,-56.117268700000004,-15.653078599999999,-49.4066209,-20.8159034
18932,-49.4066209,-20.8159034,-56.117268700000004,-15.653078599999999
18958,-52.0164842,-23.4766098,-54.6741233,-20.4686937
19012,-54.6741233,-20.4686937,-52.0164842,-23.4766098
19088,-47.1375685,-23.008205,-49.9298086,-22.1970898
19197,-47.1375685,-23.008205,-53.501918,-25.001815
19301,-47.1375685,-23.008205,-51.680240399999995,-20.754857
19323,-43.965396000000005,-19.634099,-50.0010055,-6.114454
19417,-61.848756200000004,-10.8746595,-56.117268700000004,-15.653078599999999
19443,-56.117268700000004,-15.653078599999999,-61.848756200000004,-10.8746595
19525,-57.035700600000006,-29.7839952,-51.175381099999996,-29.9934732
19546,-51.175381099999996,-29.9934732,-57.035700600000006,-29.7839952
19624,-54.6741233,-20.4686937,-51.133159899999995,-23.332071399999997
19650,-51.133159899999995,-23.332071399999997,-54.6741233,-20.4686937
19728,-42.8211703,-5.0635434,-43.965396000000005,-19.634099
19754,-43.965396000000005,-19.634099,-42.8211703,-5.0635434
19903,-49.0721697,-22.165992199999998,-47.1375685,-23.008205
19907,-49.9298086,-22.1970898,-49.0721697,-22.165992199999998
20015,-43.965396000000005,-19.634099,-49.1724811,-25.5327132
20048,-49.1724811,-25.5327132,-43.965396000000005,-19.634099
20188,-51.175381099999996,-29.9934732,-43.1648755,-22.911143799999998
20314,-48.2308653,-18.888969,-47.1375685,-23.008205
20510,-38.3312411,-12.9110977,-39.0317095,-14.8140511
20511,-39.0317095,-14.8140511,-47.1375685,-23.008205
20572,-39.0317095,-14.8140511,-38.3312411,-12.9110977
20573,-47.1375685,-23.008205,-39.0317095,-14.8140511
20803,-63.89832,-8.7141702,-67.894367,-9.870171000000001
21019,-48.614822,-17.725328,-47.1375685,-23.008205
21023,-47.1375685,-23.008205,-48.614822,-17.725328
21187,-49.2221166,-16.632488000000002,-46.478126,-23.434552899999996
21422,-54.721858,-16.5885425,-56.117268700000004,-15.653078599999999
21448,-56.117268700000004,-15.653078599999999,-54.721858,-16.5885425
21495,-48.4775227,-1.3820615,-44.2348802,-2.5849927000000004
21497,-44.2348802,-2.5849927000000004,-34.924015399999995,-8.1259315
21574,-34.924015399999995,-8.1259315,-44.2348802,-2.5849927000000004
21576,-44.2348802,-2.5849927000000004,-48.4775227,-1.3820615
21651,-52.0164842,-23.4766098,-49.1724811,-25.5327132
21677,-49.1724811,-25.5327132,-52.0164842,-23.4766098
21785,-44.873941200000004,-20.1734608,-47.1375685,-23.008205
21802,-47.1375685,-23.008205,-44.873941200000004,-20.1734608
22012,-46.478126,-23.434552899999996,-48.649086700000005,-26.8805344
22064,-48.799841799999996,-26.2234999,-51.175381099999996,-29.9934732
22099,-60.046324899999995,-3.0358473999999998,-64.7250955,-3.3804019999999997
22163,-64.7250955,-3.3804019999999997,-60.046324899999995,-3.0358473999999998
22573,-48.2308653,-18.888969,-46.478126,-23.434552899999996
22599,-46.478126,-23.434552899999996,-48.2308653,-18.888969
23037,-67.894367,-9.870171000000001,-63.89832,-8.7141702
23313,-39.0317095,-14.8140511,-46.478126,-23.434552899999996
23344,-54.721858,-16.5885425,-47.1375685,-23.008205
23442,-43.1648755,-22.911143799999998,-46.6565842,-23.6273246
23447,-46.6565842,-23.6273246,-43.1648755,-22.911143799999998
23462,-39.0821431,-16.4395303,-43.1648755,-22.911143799999998
23467,-43.1648755,-22.911143799999998,-39.0821431,-16.4395303
23930,-52.3279312,-31.71795,-51.175381099999996,-29.9934732
24039,-49.1724811,-25.5327132,-53.501918,-25.001815
24070,-53.501918,-25.001815,-49.1724811,-25.5327132
24512,-56.117268700000004,-15.653078599999999,-54.4909265,-25.5938142
24513,-54.4909265,-25.5938142,-51.175381099999996,-29.9934732
24546,-51.175381099999996,-29.9934732,-54.4909265,-25.5938142
24547,-54.4909265,-25.5938142,-56.117268700000004,-15.653078599999999
24606,-51.680240399999995,-20.754857,-47.1375685,-23.008205
24693,-53.7008735,-29.7079582,-51.175381099999996,-29.9934732
24719,-51.175381099999996,-29.9934732,-53.7008735,-29.7079582
24820,-57.6608272,-19.016234,-47.1375685,-23.008205
24825,-47.1375685,-23.008205,-57.6608272,-19.016234
24875,-47.9623702,-19.766046399999997,-47.1375685,-23.008205
24901,-47.1375685,-23.008205,-47.9623702,-19.766046399999997
25828,-47.1375685,-23.008205,-54.721858,-16.5885425
26215,-35.792882899999995,-9.5116056,-34.950613700000005,-7.147060000000001
26278,-34.950613700000005,-7.147060000000001,-35.792882899999995,-9.5116056
26340,-49.4222546,-28.7232502,-47.1375685,-23.008205
27029,-38.5330966,-3.7771555,-47.1375685,-23.008205
27385,-47.1375685,-23.008205,-38.5330966,-3.7771555
27494,-46.965260799999996,-19.5603461,-43.965396000000005,-19.634099
27496,-43.965396000000005,-19.634099,-46.4925779,-18.671841699999998
27498,-46.4925779,-18.671841699999998,-46.965260799999996,-19.5603461
27775,-80.1506022,26.074234399999998,-47.1375685,-23.008205
27797,-47.1375685,-23.008205,-80.1506022,26.074234399999998
27881,-81.308083,28.4311577,-47.1375685,-23.008205
27912,-47.1375685,-23.008205,-81.308083,28.4311577
27943,-81.308083,28.4311577,-46.478126,-23.434552899999996
27974,-46.478126,-23.434552899999996,-81.308083,28.4311577
28005,-52.3638975,4.8222247000000005,-48.4775227,-1.3820615
28018,-48.4775227,-1.3820615,-52.3638975,4.8222247000000005
28041,-81.308083,28.4311577,-43.965396000000005,-19.634099
28072,-43.965396000000005,-19.634099,-81.308083,28.4311577
28103,0.049518,51.5048437,-46.478126,-23.434552899999996
28134,-46.478126,-23.434552899999996,0.049518,51.5048437
28165,0.049518,51.5048437,-43.2494233,-22.8134098
28196,-43.2494233,-22.8134098,0.049518,51.5048437
28227,-46.478126,-23.434552899999996,-63.140756499999995,-17.6431198
28258,-66.178894,-17.413954,-46.478126,-23.434552899999996
28271,-63.140756499999995,-17.6431198,-46.478126,-23.434552899999996
28307,-34.924015399999995,-8.1259315,8.5621518,50.0379326
28311,8.5621518,50.0379326,-34.924015399999995,-8.1259315
28315,-38.3312411,-12.9110977,8.5621518,50.0379326
28320,8.5621518,50.0379326,-38.3312411,-12.9110977
28325,-38.5330966,-3.7771555,8.5621518,50.0379326
28330,8.5621518,50.0379326,-38.5330966,-3.7771555
28335,-43.2494233,-22.8134098,8.5621518,50.0379326
28344,8.5621518,50.0379326,-43.2494233,-22.8134098
28353,-79.3873743,9.0667013,-60.046324899999995,-3.0358473999999998
28384,-60.046324899999995,-3.0358473999999998,-79.3873743,9.0667013
28415,-79.3873743,9.0667013,-34.924015399999995,-8.1259315
28433,-34.924015399999995,-8.1259315,-79.3873743,9.0667013
28451,-79.3873743,9.0667013,-47.9172348,-15.869736900000001
28482,-47.9172348,-15.869736900000001,-79.3873743,9.0667013
28513,-79.3873743,9.0667013,-43.2494233,-22.8134098
28544,-43.2494233,-22.8134098,-79.3873743,9.0667013
28609,-79.3873743,9.0667013,-51.175381099999996,-29.9934732
28640,-51.175381099999996,-29.9934732,-79.3873743,9.0667013
28671,-43.965396000000005,-19.634099,-79.3873743,9.0667013
28702,-79.3873743,9.0667013,-43.965396000000005,-19.634099
28733,-79.3873743,9.0667013,-46.478126,-23.434552899999996
28764,-46.478126,-23.434552899999996,-79.3873743,9.0667013
29078,-83.3553842,42.2161722,-46.478126,-23.434552899999996
29091,-46.478126,-23.434552899999996,-83.3553842,42.2161722
29105,-84.4277001,33.6407282,-43.2494233,-22.8134098
29136,-43.2494233,-22.8134098,-84.4277001,33.6407282
29167,-84.4277001,33.6407282,-46.478126,-23.434552899999996
29198,-46.478126,-23.434552899999996,-84.4277001,33.6407282
29327,-81.308083,28.4311577,-47.9172348,-15.869736900000001
29344,-47.9172348,-15.869736900000001,-81.308083,28.4311577
29423,-46.478126,-23.434552899999996,11.775027900000001,48.3536621
29454,11.775027900000001,48.3536621,-46.478126,-23.434552899999996
29485,-46.478126,-23.434552899999996,8.5621518,50.0379326
29516,8.5621518,50.0379326,-46.478126,-23.434552899999996
29619,-43.2494233,-22.8134098,13.234862,-8.847951
29632,13.234862,-8.847951,-43.2494233,-22.8134098
29645,-46.478126,-23.434552899999996,13.234862,-8.847951
29663,13.234862,-8.847951,-46.478126,-23.434552899999996
29681,54.650073600000006,24.441938,-46.478126,-23.434552899999996
29712,-46.478126,-23.434552899999996,54.650073600000006,24.441938
29743,-46.478126,-23.434552899999996,38.7989319,8.9800689
29760,38.7989319,8.9800689,-46.478126,-23.434552899999996
29948,-54.4909265,-25.5938142,-46.478126,-23.434552899999996
29979,-46.478126,-23.434552899999996,-43.2494233,-22.8134098
29984,-43.2494233,-22.8134098,-46.478126,-23.434552899999996
29989,-38.3312411,-12.9110977,-43.2494233,-22.8134098
30020,-56.117268700000004,-15.653078599999999,-43.2494233,-22.8134098
30046,-43.2494233,-22.8134098,-56.117268700000004,-15.653078599999999
30072,-60.046324899999995,-3.0358473999999998,-43.2494233,-22.8134098
30103,-43.2494233,-22.8134098,-60.046324899999995,-3.0358473999999998
30134,-35.792882899999995,-9.5116056,-47.9172348,-15.869736900000001
30165,-47.9172348,-15.869736900000001,-35.792882899999995,-9.5116056
30196,-47.9172348,-15.869736900000001,-49.1724811,-25.5327132
30258,-49.1724811,-25.5327132,-47.9172348,-15.869736900000001
30351,-49.2221166,-16.632488000000002,-47.9172348,-15.869736900000001
30382,-67.894367,-9.870171000000001,-47.9172348,-15.869736900000001
30604,-46.6565842,-23.6273246,-54.4909265,-25.5938142
30640,-38.3312411,-12.9110977,-35.3673819,-5.768370200000001
30705,-38.5330966,-3.7771555,-38.3312411,-12.9110977
30848,-38.3312411,-12.9110977,-38.5330966,-3.7771555
30903,-35.3673819,-5.768370200000001,-38.3312411,-12.9110977
31031,-43.2494233,-22.8134098,-34.924015399999995,-8.1259315
31109,-34.924015399999995,-8.1259315,-43.2494233,-22.8134098
31140,-52.0164842,-23.4766098,-46.6565842,-23.6273246
31296,-46.6565842,-23.6273246,-52.0164842,-23.4766098
31348,-47.9172348,-15.869736900000001,-38.5330966,-3.7771555
31446,-38.3312411,-12.9110977,-46.6565842,-23.6273246
32066,-35.792882899999995,-9.5116056,-38.3312411,-12.9110977
32092,-46.6565842,-23.6273246,-56.117268700000004,-15.653078599999999
32133,-37.07624620000001,-10.9822278,-43.2494233,-22.8134098
32138,-43.2494233,-22.8134098,-37.07624620000001,-10.9822278
32143,-46.6565842,-23.6273246,-51.133159899999995,-23.332071399999997
32200,-47.9172348,-15.869736900000001,-34.924015399999995,-8.1259315
32231,-43.2494233,-22.8134098,-47.9172348,-15.869736900000001
32267,-43.2494233,-22.8134098,-38.3312411,-12.9110977
32334,-47.9172348,-15.869736900000001,-49.2221166,-16.632488000000002
32748,-35.8940206,-7.2688784,-38.3312411,-12.9110977
32867,-54.4909265,-25.5938142,-43.2494233,-22.8134098
32874,-49.1724811,-25.5327132,-43.2494233,-22.8134098
32934,-34.924015399999995,-8.1259315,-46.6565842,-23.6273246
32943,-46.6565842,-23.6273246,-34.924015399999995,-8.1259315
32947,-48.2308653,-18.888969,-46.6565842,-23.6273246
32957,-46.478126,-23.434552899999996,-34.950613700000005,-7.147060000000001
32988,-34.950613700000005,-7.147060000000001,-46.478126,-23.434552899999996
33019,-47.9172348,-15.869736900000001,-51.175381099999996,-29.9934732
33104,-51.133159899999995,-23.332071399999997,-46.478126,-23.434552899999996
33197,-46.6565842,-23.6273246,-49.2221166,-16.632488000000002
33223,-49.2221166,-16.632488000000002,-46.6565842,-23.6273246
33275,-48.649086700000005,-26.8805344,-43.2494233,-22.8134098
33301,-54.4909265,-25.5938142,-46.6565842,-23.6273246
33306,-43.2494233,-22.8134098,-35.3673819,-5.768370200000001
33627,-51.1869302,-29.1949191,-46.6565842,-23.6273246
33653,-46.6565842,-23.6273246,-51.1869302,-29.1949191
33705,-34.924015399999995,-8.1259315,-47.9172348,-15.869736900000001
33772,-43.2494233,-22.8134098,-49.1724811,-25.5327132
33834,-47.9172348,-15.869736900000001,-38.3312411,-12.9110977
33835,-38.3312411,-12.9110977,-37.07624620000001,-10.9822278
33896,-51.175381099999996,-29.9934732,-47.9172348,-15.869736900000001
33927,-43.2494233,-22.8134098,-38.5330966,-3.7771555
33958,-47.9172348,-15.869736900000001,-54.6741233,-20.4686937
33984,-54.6741233,-20.4686937,-47.9172348,-15.869736900000001
34010,-47.9172348,-15.869736900000001,-42.8211703,-5.0635434
34100,-38.5330966,-3.7771555,-35.3673819,-5.768370200000001
34160,-47.9172348,-15.869736900000001,-48.3575251,-10.294325599999999
34222,-38.3312411,-12.9110977,-35.792882899999995,-9.5116056
34269,-48.614822,-17.725328,-46.6565842,-23.6273246
34278,-46.6565842,-23.6273246,-48.614822,-17.725328
34289,-38.3312411,-12.9110977,-47.9172348,-15.869736900000001
34370,-42.8211703,-5.0635434,-47.9172348,-15.869736900000001
34830,-48.649086700000005,-26.8805344,-46.6565842,-23.6273246
34834,-46.6565842,-23.6273246,-48.649086700000005,-26.8805344
34838,-48.5459657,-27.670118,-46.478126,-23.434552899999996
34957,-46.478126,-23.434552899999996,-48.5459657,-27.670118
35040,-43.2494233,-22.8134098,-46.6565842,-23.6273246
35123,-46.6565842,-23.6273246,-43.2494233,-22.8134098
35273,-51.175381099999996,-29.9934732,-43.2494233,-22.8134098
35304,-43.2494233,-22.8134098,-51.175381099999996,-29.9934732
35399,-40.5660751,-9.3665077,-34.924015399999995,-8.1259315
35462,-34.924015399999995,-8.1259315,-40.5660751,-9.3665077
36081,-44.2348802,-2.5849927000000004,-47.9172348,-15.869736900000001
36413,-67.894367,-9.870171000000001,-72.77342800000001,-7.598349000000001
36643,-40.2835346,-20.257648899999996,-46.6565842,-23.6273246
36772,-47.9172348,-15.869736900000001,-44.2348802,-2.5849927000000004
36812,-46.6565842,-23.6273246,-48.2308653,-18.888969
36900,-38.3312411,-12.9110977,-43.1648755,-22.911143799999998
36931,-47.9172348,-15.869736900000001,-63.89832,-8.7141702
36962,-48.799841799999996,-26.2234999,-46.6565842,-23.6273246
36967,-46.6565842,-23.6273246,-48.799841799999996,-26.2234999
37008,-49.1369385,-5.3717191,-47.9172348,-15.869736900000001
37143,-35.3673819,-5.768370200000001,-47.9172348,-15.869736900000001
37226,-47.9172348,-15.869736900000001,-48.4775227,-1.3820615
37257,-43.1648755,-22.911143799999998,-38.3312411,-12.9110977
37288,-37.07624620000001,-10.9822278,-46.478126,-23.434552899999996
37319,-47.9172348,-15.869736900000001,-34.950613700000005,-7.147060000000001
37382,-47.9172348,-15.869736900000001,-47.4560696,-5.5316945
37475,-37.07624620000001,-10.9822278,-38.3312411,-12.9110977
37579,-54.6741233,-20.4686937,-46.6565842,-23.6273246
37610,-46.6565842,-23.6273246,-54.6741233,-20.4686937
37703,-48.3575251,-10.294325599999999,-47.9172348,-15.869736900000001
37839,-63.89832,-8.7141702,-47.9172348,-15.869736900000001
37899,-56.117268700000004,-15.653078599999999,-46.6565842,-23.6273246
38095,-46.478126,-23.434552899999996,-54.4909265,-25.5938142
38255,-35.792882899999995,-9.5116056,-43.2494233,-22.8134098
38286,-43.2494233,-22.8134098,-35.792882899999995,-9.5116056
38363,-46.6565842,-23.6273246,-38.3312411,-12.9110977
38378,-47.9172348,-15.869736900000001,-46.6565842,-23.6273246
38399,-46.6565842,-23.6273246,-47.9172348,-15.869736900000001
38822,-43.1648755,-22.911143799999998,-47.9172348,-15.869736900000001
38922,-34.950613700000005,-7.147060000000001,-47.9172348,-15.869736900000001
39055,-43.2494233,-22.8134098,-40.2835346,-20.257648899999996
39589,-43.2494233,-22.8134098,-54.4909265,-25.5938142
39718,-46.478126,-23.434552899999996,-48.4775227,-1.3820615
39749,-48.4775227,-1.3820615,-46.478126,-23.434552899999996
40062,-47.9172348,-15.869736900000001,-43.2494233,-22.8134098
40124,-47.9172348,-15.869736900000001,-43.1648755,-22.911143799999998
40491,-48.5459657,-27.670118,-46.6565842,-23.6273246
40517,-46.6565842,-23.6273246,-48.5459657,-27.670118
40518,-48.5459657,-27.670118,-52.6606432,-27.134138500000002
40790,-52.6606432,-27.134138500000002,-48.5459657,-27.670118
41450,-38.5330966,-3.7771555,-43.2494233,-22.8134098
41574,-35.3673819,-5.768370200000001,-43.2494233,-22.8134098
41610,-34.950613700000005,-7.147060000000001,-35.8940206,-7.2688784
41611,-35.8940206,-7.2688784,-43.2494233,-22.8134098
41614,-43.2494233,-22.8134098,-34.950613700000005,-7.147060000000001
41984,-47.9172348,-15.869736900000001,-67.894367,-9.870171000000001
42185,-43.2494233,-22.8134098,-44.2348802,-2.5849927000000004
42190,-44.2348802,-2.5849927000000004,-43.2494233,-22.8134098
42195,-46.6565842,-23.6273246,-47.7751674,-21.134750699999998
42221,-47.7751674,-21.134750699999998,-46.6565842,-23.6273246
42325,-47.9172348,-15.869736900000001,-40.2835346,-20.257648899999996
42351,-40.2835346,-20.257648899999996,-47.9172348,-15.869736900000001
43747,-40.2835346,-20.257648899999996,-38.3312411,-12.9110977
44058,-60.046324899999995,-3.0358473999999998,-46.478126,-23.434552899999996
44212,-46.478126,-23.434552899999996,-60.046324899999995,-3.0358473999999998
44895,-38.5330966,-3.7771555,-47.9172348,-15.869736900000001
45386,-40.2835346,-20.257648899999996,-43.2494233,-22.8134098
46737,-49.2221166,-16.632488000000002,-43.2494233,-22.8134098
46751,-43.2494233,-22.8134098,-49.2221166,-16.632488000000002
46855,-38.3312411,-12.9110977,-35.8940206,-7.2688784
46957,-60.046324899999995,-3.0358473999999998,-38.5330966,-3.7771555
46983,-38.5330966,-3.7771555,-60.046324899999995,-3.0358473999999998
47009,-51.133159899999995,-23.332071399999997,-46.6565842,-23.6273246
47014,-47.9172348,-15.869736900000001,-48.5459657,-27.670118
47040,-48.5459657,-27.670118,-47.9172348,-15.869736900000001
47066,-39.0821431,-16.4395303,-46.478126,-23.434552899999996
47089,-46.478126,-23.434552899999996,-39.0821431,-16.4395303
47506,-47.4560696,-5.5316945,-47.9172348,-15.869736900000001
47633,-48.4775227,-1.3820615,-47.9172348,-15.869736900000001
47971,-51.175381099999996,-29.9934732,-38.3312411,-12.9110977
48002,-38.3312411,-12.9110977,-51.175381099999996,-29.9934732
48147,-46.478126,-23.434552899999996,-38.5330966,-3.7771555
48178,-38.5330966,-3.7771555,-46.478126,-23.434552899999996
48488,-47.9172348,-15.869736900000001,-49.1369385,-5.3717191
49684,-34.950613700000005,-7.147060000000001,-43.2494233,-22.8134098
50158,-46.478126,-23.434552899999996,-44.2348802,-2.5849927000000004
50189,-44.2348802,-2.5849927000000004,-46.478126,-23.434552899999996
50452,-43.2494233,-22.8134098,-48.5459657,-27.670118
50479,-48.5459657,-27.670118,-43.2494233,-22.8134098
50561,-43.2494233,-22.8134098,-48.649086700000005,-26.8805344
51287,-72.77342800000001,-7.598349000000001,-67.894367,-9.870171000000001
51456,-46.6565842,-23.6273246,-40.2835346,-20.257648899999996
52738,-48.4775227,-1.3820615,-43.2494233,-22.8134098
52790,-43.2494233,-22.8134098,-48.4775227,-1.3820615
52850,-63.89832,-8.7141702,-46.478126,-23.434552899999996
52863,-46.478126,-23.434552899999996,-63.89832,-8.7141702
53180,-46.478126,-23.434552899999996,-49.0721697,-22.165992199999998
53678,-46.478126,-23.434552899999996,-51.133159899999995,-23.332071399999997
53848,-47.9172348,-15.869736900000001,-49.4066209,-20.8159034
53871,-49.4066209,-20.8159034,-47.9172348,-15.869736900000001
54142,-51.4176625,-22.1783402,-46.478126,-23.434552899999996
54168,-46.478126,-23.434552899999996,-37.07624620000001,-10.9822278
54308,-46.478126,-23.434552899999996,-51.4176625,-22.1783402
54771,-46.478126,-23.434552899999996,-39.272229100000004,-7.215097200000001
54802,-39.272229100000004,-7.215097200000001,-46.478126,-23.434552899999996
55040,-42.8211703,-5.0635434,-46.478126,-23.434552899999996
55340,-43.1709909,-21.514326800000003,-43.965396000000005,-19.634099
55690,-48.4775227,-1.3820615,-50.0010055,-6.114454
55702,-50.0010055,-6.114454,-48.4775227,-1.3820615
55947,-43.965396000000005,-19.634099,-43.1709909,-21.514326800000003
56006,-52.2490864,-3.2535656000000004,-47.9172348,-15.869736900000001
56102,-47.9172348,-15.869736900000001,-52.2490864,-3.2535656000000004
56413,-39.0317095,-14.8140511,-43.2494233,-22.8134098
56418,-43.2494233,-22.8134098,-39.0317095,-14.8140511
56480,-48.5459657,-27.670118,-43.1648755,-22.911143799999998
56506,-43.1648755,-22.911143799999998,-48.5459657,-27.670118
56630,-47.9172348,-15.869736900000001,-35.3673819,-5.768370200000001
56832,-49.0721697,-22.165992199999998,-46.478126,-23.434552899999996
57771,-51.067109499999994,0.05000809999999999,-47.9172348,-15.869736900000001
57789,-47.9172348,-15.869736900000001,-51.067109499999994,0.05000809999999999
58807,-58.534828399999995,-34.8150044,-35.3673819,-5.768370200000001
58812,-35.3673819,-5.768370200000001,-58.534828399999995,-34.8150044
58817,-60.7803905,-32.9168872,-46.478126,-23.434552899999996
58825,-46.478126,-23.434552899999996,-60.7803905,-32.9168872
58833,-55.2000586,5.4560033,-48.4775227,-1.3820615
58837,-48.4775227,-1.3820615,-55.2000586,5.4560033
58851,-57.5141814,-25.2415129,-46.478126,-23.434552899999996
58882,-46.478126,-23.434552899999996,-57.5141814,-25.2415129
58913,-68.7984902,-32.8278642,-46.478126,-23.434552899999996
58922,-46.478126,-23.434552899999996,-68.7984902,-32.8278642
58931,-56.03024179999999,-34.8371859,-51.175381099999996,-29.9934732
58949,-51.175381099999996,-29.9934732,-56.03024179999999,-34.8371859
59039,-64.2123198,-31.315436699999996,-43.2494233,-22.8134098
59052,-43.2494233,-22.8134098,-64.2123198,-31.315436699999996
59066,-64.2123198,-31.315436699999996,-46.478126,-23.434552899999996
59079,-46.478126,-23.434552899999996,-64.2123198,-31.315436699999996
59092,-60.7803905,-32.9168872,-43.2494233,-22.8134098
59101,-43.2494233,-22.8134098,-60.7803905,-32.9168872
59110,-70.0119926,12.5015939,-46.478126,-23.434552899999996
59119,-46.478126,-23.434552899999996,-70.0119926,12.5015939
59128,-66.81713140000001,10.288347,-46.478126,-23.434552899999996
59137,-46.478126,-23.434552899999996,-66.81713140000001,10.288347
59146,-56.03024179999999,-34.8371859,-46.478126,-23.434552899999996
59177,-46.478126,-23.434552899999996,-56.03024179999999,-34.8371859
59226,-56.03024179999999,-34.8371859,-43.2494233,-22.8134098
59239,-43.2494233,-22.8134098,-56.03024179999999,-34.8371859
59262,-59.4877921,13.076584800000001,-46.478126,-23.434552899999996
59267,-46.478126,-23.434552899999996,-59.4877921,13.076584800000001
59350,-68.36839659999998,18.5622845,-43.2494233,-22.8134098
59355,-43.2494233,-22.8134098,-68.36839659999998,18.5622845
59414,-70.7972354,-33.391189399999995,-46.478126,-23.434552899999996
59445,-46.478126,-23.434552899999996,-70.7972354,-33.391189399999995
59538,-38.5330966,-3.7771555,-58.534828399999995,-34.8150044
59543,-58.534828399999995,-34.8150044,-38.5330966,-3.7771555
59835,-46.478126,-23.434552899999996,-68.36839659999998,18.5622845
59848,-68.36839659999998,18.5622845,-46.478126,-23.434552899999996
59961,-68.36839659999998,18.5622845,-43.965396000000005,-19.634099
59965,-43.965396000000005,-19.634099,-68.36839659999998,18.5622845
60005,-3.5679515,40.4839361,-43.2494233,-22.8134098
60036,-43.2494233,-22.8134098,-3.5679515,40.4839361
60164,-60.046324899999995,-3.0358473999999998,-68.960945,12.188463
60177,-68.960945,12.188463,-60.046324899999995,-3.0358473999999998
60190,9.276308,45.452176,-35.3673819,-5.768370200000001
60192,-38.5330966,-3.7771555,9.276308,45.452176
60210,-70.7972354,-33.391189399999995,-47.1375685,-23.008205
60219,-77.10744140000001,-12.0436644,-47.1375685,-23.008205
60223,-43.2494233,-22.8134098,4.768274400000001,52.3105386
60246,4.768274400000001,52.3105386,-43.2494233,-22.8134098
60269,-46.478126,-23.434552899999996,4.768274400000001,52.3105386
60300,4.768274400000001,52.3105386,-46.478126,-23.434552899999996
60333,9.276308,45.452176,-46.478126,-23.434552899999996
60396,-46.478126,-23.434552899999996,9.276308,45.452176
60648,-43.2494233,-22.8134098,-70.7972354,-33.391189399999995
60679,-70.7972354,-33.391189399999995,-43.2494233,-22.8134098
60746,-46.478126,-23.434552899999996,-54.843592,-25.4555
60760,-54.843592,-25.4555,-46.478126,-23.434552899999996
60917,-77.10744140000001,-12.0436644,-54.4909265,-25.5938142
60939,-54.4909265,-25.5938142,-77.10744140000001,-12.0436644
60961,-77.10744140000001,-12.0436644,-46.478126,-23.434552899999996
60963,-46.478126,-23.434552899999996,-77.10744140000001,-12.0436644
61027,-60.046324899999995,-3.0358473999999998,-70.0119926,12.5015939
61036,-70.0119926,12.5015939,-60.046324899999995,-3.0358473999999998
61740,-47.9172348,-15.869736900000001,-39.272229100000004,-7.215097200000001
61771,-39.272229100000004,-7.215097200000001,-47.9172348,-15.869736900000001
62474,-52.3296274,-28.2428363,-46.478126,-23.434552899999996
62505,-46.478126,-23.434552899999996,-52.3296274,-28.2428363
63156,-37.07624620000001,-10.9822278,-47.9172348,-15.869736900000001
63185,-47.9172348,-15.869736900000001,-37.07624620000001,-10.9822278
65104,-40.5660751,-9.3665077,-38.3312411,-12.9110977
65164,-38.3312411,-12.9110977,-40.5660751,-9.3665077
65619,-39.0317095,-14.8140511,-47.9172348,-15.869736900000001
65680,-47.9172348,-15.869736900000001,-39.0317095,-14.8140511
66323,-38.5330966,-3.7771555,-39.272229100000004,-7.215097200000001
66382,-39.272229100000004,-7.215097200000001,-38.5330966,-3.7771555
66915,-74.14449690000001,4.7014128,-38.5330966,-3.7771555
66920,-38.5330966,-3.7771555,-74.14449690000001,4.7014128
66940,-56.0068645,-4.2457249,-56.7696703,-2.669512
66945,-52.2490864,-3.2535656000000004,-54.786243299999995,-2.4248295
67095,-54.786243299999995,-2.4248295,-52.2490864,-3.2535656000000004
67096,-56.7696703,-2.669512,-56.0068645,-4.2457249
67249,-66.899163,-4.8755008,-60.046324899999995,-3.0358473999999998
67258,-60.046324899999995,-3.0358473999999998,-66.899163,-4.8755008
67267,-62.9175264,-0.9756045,-66.99130550000001,-0.1510764
67268,-66.99130550000001,-0.1510764,-60.046324899999995,-3.0358473999999998
67269,-60.046324899999995,-3.0358473999999998,-62.9175264,-0.9756045
67279,-60.046324899999995,-3.0358473999999998,-66.99130550000001,-0.1510764
67281,-62.9175264,-0.9756045,-60.046324899999995,-3.0358473999999998
67282,-66.99130550000001,-0.1510764,-62.9175264,-0.9756045
67297,-69.88315190000002,-6.6368523,-64.7250955,-3.3804019999999997
67302,-64.7250955,-3.3804019999999997,-69.88315190000002,-6.6368523
67310,-65.3491463,-4.88428,-60.046324899999995,-3.0358473999999998
67314,-60.046324899999995,-3.0358473999999998,-65.3491463,-4.88428
67318,-63.0705311,-7.5397607,-60.046324899999995,-3.0358473999999998
67319,-61.2840064,-5.8097377,-63.0705311,-7.5397607
67322,-60.046324899999995,-3.0358473999999998,-61.2840064,-5.8097377
67330,-60.046324899999995,-3.0358473999999998,-63.0705311,-7.5397607
67333,-61.2840064,-5.8097377,-60.046324899999995,-3.0358473999999998
67335,-63.0705311,-7.5397607,-61.2840064,-5.8097377
67342,-63.89832,-8.7141702,-64.7695129,-7.2780848
67343,-64.7695129,-7.2780848,-60.046324899999995,-3.0358473999999998
67386,-47.7751674,-21.134750699999998,-47.9172348,-15.869736900000001
67417,-47.9172348,-15.869736900000001,-47.7751674,-21.134750699999998
67448,-47.9172348,-15.869736900000001,-55.5814853,-11.8786454
67479,-55.5814853,-11.8786454,-47.9172348,-15.869736900000001
67510,-45.010200299999994,-12.078983000000001,-38.3312411,-12.9110977
67511,-47.9172348,-15.869736900000001,-45.010200299999994,-12.078983000000001
67562,-38.3312411,-12.9110977,-45.010200299999994,-12.078983000000001
67616,-46.478126,-23.434552899999996,-40.863057299999994,-14.8662434
67681,-40.863057299999994,-14.8662434,-46.478126,-23.434552899999996
67738,-40.863057299999994,-14.8662434,-47.9172348,-15.869736900000001
67769,-47.9172348,-15.869736900000001,-40.863057299999994,-14.8662434
68246,-43.2494233,-22.8134098,-47.7751674,-21.134750699999998
68250,-47.7751674,-21.134750699999998,-43.2494233,-22.8134098
68252,-48.2308653,-18.888969,-47.7751674,-21.134750699999998
68335,-47.7751674,-21.134750699999998,-49.4066209,-20.8159034
68387,-49.2221166,-16.632488000000002,-48.2308653,-18.888969
68507,-48.2308653,-18.888969,-49.2221166,-16.632488000000002
68508,-47.7751674,-21.134750699999998,-48.2308653,-18.888969
68629,-49.4066209,-20.8159034,-47.7751674,-21.134750699999998
68773,-51.680240399999995,-20.754857,-47.7751674,-21.134750699999998
68835,-47.7751674,-21.134750699999998,-51.680240399999995,-20.754857
69093,-47.7751674,-21.134750699999998,-43.9548899,-19.8498475
69119,-43.9548899,-19.8498475,-47.7751674,-21.134750699999998
69211,-39.0821431,-16.4395303,-43.9548899,-19.8498475
69222,-43.9548899,-19.8498475,-39.0821431,-16.4395303
69237,-48.2308653,-18.888969,-47.9172348,-15.869736900000001
69247,-47.9172348,-15.869736900000001,-48.2308653,-18.888969
69309,-48.2405331,-7.228391499999999,-47.9172348,-15.869736900000001
69340,-47.9172348,-15.869736900000001,-48.2405331,-7.228391499999999
69371,-48.2405331,-7.228391499999999,-48.3575251,-10.294325599999999
69373,-49.2221166,-16.632488000000002,-47.7751674,-21.134750699999998
69449,-47.7751674,-21.134750699999998,-49.2221166,-16.632488000000002
69454,-48.3575251,-10.294325599999999,-48.2405331,-7.228391499999999
69775,-54.721858,-16.5885425,-47.9172348,-15.869736900000001
69806,-47.9172348,-15.869736900000001,-54.721858,-16.5885425
69899,-47.9623702,-19.766046399999997,-47.9172348,-15.869736900000001
69930,-47.9172348,-15.869736900000001,-47.9623702,-19.766046399999997
69961,-54.721858,-16.5885425,-47.7751674,-21.134750699999998
69987,-47.7751674,-21.134750699999998,-54.721858,-16.5885425
70013,-49.4066209,-20.8159034,-46.478126,-23.434552899999996
70044,-46.478126,-23.434552899999996,-49.4066209,-20.8159034
70075,-53.501918,-25.001815,-46.478126,-23.434552899999996
70076,-54.924882499999995,-22.1971221,-46.478126,-23.434552899999996
70101,-46.478126,-23.434552899999996,-54.924882499999995,-22.1971221
70108,-46.478126,-23.434552899999996,-53.501918,-25.001815
70129,-54.924882499999995,-22.1971221,-53.501918,-25.001815
70136,-53.501918,-25.001815,-54.924882499999995,-22.1971221
70336,-47.9623702,-19.766046399999997,-46.478126,-23.434552899999996
70393,-46.478126,-23.434552899999996,-47.9623702,-19.766046399999997
70460,-46.478126,-23.434552899999996,51.6137665,25.2605946
70522,51.6137665,25.2605946,-46.478126,-23.434552899999996
70584,-7.584848399999999,33.374393,-46.478126,-23.434552899999996
70588,-46.478126,-23.434552899999996,-7.584848399999999,33.374393
70610,-46.478126,-23.434552899999996,28.241145899999996,-26.1366728
70641,28.241145899999996,-26.1366728,-46.478126,-23.434552899999996
70699,2.0832941000000003,41.297445,-46.478126,-23.434552899999996
70712,-46.478126,-23.434552899999996,2.0832941000000003,41.297445
70762,-46.478126,-23.434552899999996,8.5554755,47.4582165
70793,8.5554755,47.4582165,-46.478126,-23.434552899999996
70886,-46.478126,-23.434552899999996,-78.3585584,-0.1225875
70899,-78.3585584,-0.1225875,-46.478126,-23.434552899999996
70998,-49.4066209,-20.8159034,-46.6565842,-23.6273246
71024,-46.6565842,-23.6273246,-49.4066209,-20.8159034
72535,-54.786243299999995,-2.4248295,-47.9172348,-15.869736900000001
72556,-47.9172348,-15.869736900000001,-54.786243299999995,-2.4248295
73624,-45.8620445,-23.2256787,-51.175381099999996,-29.9934732
73650,-51.175381099999996,-29.9934732,-45.8620445,-23.2256787
74622,-39.0821431,-16.4395303,-47.9172348,-15.869736900000001
74860,-47.9172348,-15.869736900000001,-39.0821431,-16.4395303
79109,-49.0721697,-22.165992199999998,-47.9172348,-15.869736900000001
79131,-47.9172348,-15.869736900000001,-49.0721697,-22.165992199999998
81837,-48.649086700000005,-26.8805344,-47.9172348,-15.869736900000001
81863,-47.9172348,-15.869736900000001,-48.649086700000005,-26.8805344
82275,-45.8620445,-23.2256787,-47.9172348,-15.869736900000001
82301,-47.9172348,-15.869736900000001,-45.8620445,-23.2256787
82548,-46.478126,-23.434552899999996,-42.8211703,-5.0635434
83000,-54.4909265,-25.5938142,-47.9172348,-15.869736900000001
83013,-47.9172348,-15.869736900000001,-54.4909265,-25.5938142
84211,-39.0821431,-16.4395303,-49.2221166,-16.632488000000002
84215,-49.2221166,-16.632488000000002,-39.0821431,-16.4395303
84654,-49.0663451,-28.6767653,-46.6565842,-23.6273246
84675,-46.6565842,-23.6273246,-49.0663451,-28.6767653
86167,-60.69259029999999,2.8419237999999996,-47.9172348,-15.869736900000001
86193,-47.9172348,-15.869736900000001,-60.69259029999999,2.8419237999999996
86310,-34.924015399999995,-8.1259315,-39.272229100000004,-7.215097200000001
86363,-39.272229100000004,-7.215097200000001,-34.924015399999995,-8.1259315
88448,-80.28704570000001,25.795865,-48.4775227,-1.3820615
88457,-48.4775227,-1.3820615,-80.28704570000001,25.795865
88686,-68.36839659999998,18.5622845,-47.9172348,-15.869736900000001
88705,-47.9172348,-15.869736900000001,-68.36839659999998,18.5622845
88955,-58.534828399999995,-34.8150044,-34.924015399999995,-8.1259315
88960,-34.924015399999995,-8.1259315,-58.534828399999995,-34.8150044
89097,-80.28704570000001,25.795865,-38.5330966,-3.7771555
89102,-38.5330966,-3.7771555,-80.28704570000001,25.795865
89174,-54.9183127,-34.914744,-46.478126,-23.434552899999996
89183,-46.478126,-23.434552899999996,-54.9183127,-34.914744
89278,-86.873564,21.040340899999997,-46.478126,-23.434552899999996
89292,-46.478126,-23.434552899999996,-86.873564,21.040340899999997
89306,-9.135366699999999,38.7755936,-35.3673819,-5.768370200000001
89314,-35.3673819,-5.768370200000001,-9.135366699999999,38.7755936
89341,-34.924015399999995,-8.1259315,-9.135366699999999,38.7755936
89372,-9.135366699999999,38.7755936,-34.924015399999995,-8.1259315
89404,-38.3312411,-12.9110977,-9.135366699999999,38.7755936
89435,-9.135366699999999,38.7755936,-38.3312411,-12.9110977
89466,-9.135366699999999,38.7755936,-38.5330966,-3.7771555
89497,-38.5330966,-3.7771555,-9.135366699999999,38.7755936
89529,-60.046324899999995,-3.0358473999999998,-9.135366699999999,38.7755936
89531,-9.135366699999999,38.7755936,-48.4775227,-1.3820615
89567,-47.9172348,-15.869736900000001,-9.135366699999999,38.7755936
89584,-9.135366699999999,38.7755936,-47.9172348,-15.869736900000001
89620,-8.678551400000002,41.2421186,-43.2494233,-22.8134098
89629,-43.2494233,-22.8134098,-8.678551400000002,41.2421186
89638,-9.135366699999999,38.7755936,-43.2494233,-22.8134098
89660,-43.2494233,-22.8134098,-9.135366699999999,38.7755936
89726,-8.678551400000002,41.2421186,-46.478126,-23.434552899999996
89735,-46.478126,-23.434552899999996,-8.678551400000002,41.2421186
89744,-9.135366699999999,38.7755936,-46.478126,-23.434552899999996
89775,-46.478126,-23.434552899999996,-9.135366699999999,38.7755936
89842,-9.135366699999999,38.7755936,-47.1375685,-23.008205
89851,-47.1375685,-23.008205,-9.135366699999999,38.7755936
89860,-43.965396000000005,-19.634099,-9.135366699999999,38.7755936
89882,-9.135366699999999,38.7755936,-43.965396000000005,-19.634099
89904,-51.175381099999996,-29.9934732,-9.135366699999999,38.7755936
89917,-9.135366699999999,38.7755936,-51.175381099999996,-29.9934732
89930,-38.5330966,-3.7771555,-23.4865265,14.9453055
89934,-23.4865265,14.9453055,-38.5330966,-3.7771555
89938,-34.924015399999995,-8.1259315,-22.943613,16.734695000000002
89939,-22.943613,16.734695000000002,-38.5330966,-3.7771555
89953,-38.5330966,-3.7771555,-22.943613,16.734695000000002
89957,-35.3673819,-5.768370200000001,-22.943613,16.734695000000002
89958,-22.943613,16.734695000000002,-34.924015399999995,-8.1259315
89964,-46.478126,-23.434552899999996,28.810442499999997,40.9829888
90025,28.810442499999997,40.9829888,-46.478126,-23.434552899999996
90149,-77.10744140000001,-12.0436644,-51.175381099999996,-29.9934732
90180,-51.175381099999996,-29.9934732,-77.10744140000001,-12.0436644
90211,-77.10744140000001,-12.0436644,-43.2494233,-22.8134098
90242,-43.2494233,-22.8134098,-77.10744140000001,-12.0436644
90278,-49.1724811,-25.5327132,-48.5459657,-27.670118
90308,-43.2494233,-22.8134098,55.3656728,25.2531745
90369,55.3656728,25.2531745,-43.2494233,-22.8134098
90431,-46.478126,-23.434552899999996,55.3656728,25.2531745
90462,55.3656728,25.2531745,-46.478126,-23.434552899999996
90493,-46.478126,-23.434552899999996,-74.17446240000001,40.6895314
90501,-74.17446240000001,40.6895314,-46.478126,-23.434552899999996
90555,-87.9073214,41.9741625,-46.478126,-23.434552899999996
90586,-46.478126,-23.434552899999996,-87.9073214,41.9741625
90617,-77.45653879999999,38.953116200000004,-46.478126,-23.434552899999996
90648,-46.478126,-23.434552899999996,-77.45653879999999,38.953116200000004
90698,-51.175381099999996,-29.9934732,-80.28704570000001,25.795865
99634,-34.950613700000005,-7.147060000000001,-34.924015399999995,-8.1259315
99649,-34.924015399999995,-8.1259315,-34.950613700000005,-7.147060000000001
110280,-35.792882899999995,-9.5116056,-47.7751674,-21.134750699999998
110282,-47.7751674,-21.134750699999998,-35.792882899999995,-9.5116056
119846,-52.6606432,-27.134138500000002,-46.6565842,-23.6273246
120316,-46.6565842,-23.6273246,-52.6606432,-27.134138500000002
121326,-46.6565842,-23.6273246,-43.1709909,-21.514326800000003
121568,-43.1709909,-21.514326800000003,-46.6565842,-23.6273246
143903,-39.0821431,-16.4395303,-51.175381099999996,-29.9934732
143905,-51.175381099999996,-29.9934732,-39.0821431,-16.4395303
143955,-39.0821431,-16.4395303,-43.2494233,-22.8134098
143957,-43.2494233,-22.8134098,-39.0821431,-16.4395303
151368,-38.5330966,-3.7771555,-46.6565842,-23.6273246
151371,-46.6565842,-23.6273246,-38.5330966,-3.7771555
176048,-47.9172348,-15.869736900000001,-58.536758999999996,-34.816662
176065,-58.536758999999996,-34.816662,-47.9172348,-15.869736900000001
180656,-34.924015399999995,-8.1259315,-48.4775227,-1.3820615
180872,-48.4775227,-1.3820615,-34.924015399999995,-8.1259315
181030,-54.4909265,-25.5938142,-43.965396000000005,-19.634099
181032,-43.965396000000005,-19.634099,-54.4909265,-25.5938142
182508,-43.965396000000005,-19.634099,-46.965260799999996,-19.5603461
182941,-56.390135,-1.4855014,-51.067109499999994,0.05000809999999999
182958,-51.067109499999994,0.05000809999999999,-56.390135,-1.4855014
183094,-56.0068645,-4.2457249,-52.2490864,-3.2535656000000004
183124,-52.2490864,-3.2535656000000004,-56.0068645,-4.2457249
196704,-45.4738081,-21.586537399999997,-43.965396000000005,-19.634099
196717,-43.965396000000005,-19.634099,-45.4738081,-21.586537399999997
199352,-35.8940206,-7.2688784,-34.924015399999995,-8.1259315
199355,-34.924015399999995,-8.1259315,-35.8940206,-7.2688784
201111,-43.9548899,-19.8498475,-43.2494233,-22.8134098
201115,-43.2494233,-22.8134098,-43.9548899,-19.8498475
201119,-42.4876846,-19.4744301,-43.9548899,-19.8498475
201123,-43.9548899,-19.8498475,-42.4876846,-19.4744301
201127,-47.9623702,-19.766046399999997,-43.9548899,-19.8498475
201129,-43.9548899,-19.8498475,-47.9623702,-19.766046399999997
223285,-35.8940206,-7.2688784,-46.478126,-23.434552899999996
223288,-46.478126,-23.434552899999996,-40.5660751,-9.3665077
223290,-40.5660751,-9.3665077,-35.8940206,-7.2688784
236600,-56.0068645,-4.2457249,-60.046324899999995,-3.0358473999999998
236805,-60.046324899999995,-3.0358473999999998,-56.0068645,-4.2457249
236962,-47.4560696,-5.5316945,-52.2490864,-3.2535656000000004
236964,-42.8211703,-5.0635434,-47.4560696,-5.5316945
236966,-54.786243299999995,-2.4248295,-56.7696703,-2.669512
236978,-56.7696703,-2.669512,-54.786243299999995,-2.4248295
236980,-47.4560696,-5.5316945,-42.8211703,-5.0635434
236984,-52.2490864,-3.2535656000000004,-47.4560696,-5.5316945
257631,-48.4775227,-1.3820615,-9.135366699999999,38.7755936
261179,6.503876,-58.253037,-60.69259029999999,2.8419237999999996
266696,8.5554755,47.4582165,-43.2494233,-22.8134098
269354,-60.69259029999999,2.8419237999999996,6.503876,-58.253037
275506,-39.0821431,-16.4395303,-49.4066209,-20.8159034
280171,-51.680240399999995,-20.754857,-46.478126,-23.434552899999996
284585,-46.478126,-23.434552899999996,-51.680240399999995,-20.754857
287466,-49.4066209,-20.8159034,-39.0821431,-16.4395303
289542,-39.0821431,-16.4395303,-34.924015399999995,-8.1259315
289693,-34.924015399999995,-8.1259315,-39.0821431,-16.4395303
292180,-34.924015399999995,-8.1259315,-39.0317095,-14.8140511
295652,-64.7695129,-7.2780848,-63.89832,-8.7141702
322281,-39.0317095,-14.8140511,-34.924015399999995,-8.1259315
322433,-43.2494233,-22.8134098,8.5554755,47.4582165
342312,-46.6565842,-23.6273246,-51.4176625,-22.1783402
345534,-46.478126,-23.434552899999996,-43.8200869,-16.704617199999998
353026,-51.4176625,-22.1783402,-46.6565842,-23.6273246
355592,-38.3312411,-12.9110977,-40.2835346,-20.257648899999996
355663,-46.6565842,-23.6273246,-48.3575251,-10.294325599999999
356724,-46.6565842,-23.6273246,-37.07624620000001,-10.9822278
357285,-54.4909265,-25.5938142,-43.1648755,-22.911143799999998
363632,-48.4775227,-1.3820615,-46.6565842,-23.6273246
363703,-43.2494233,-22.8134098,-7.584848399999999,33.374393
363816,-48.3575251,-10.294325599999999,-46.6565842,-23.6273246
366393,-7.584848399999999,33.374393,-43.2494233,-22.8134098
368375,-46.6565842,-23.6273246,-35.792882899999995,-9.5116056
368618,-43.8200869,-16.704617199999998,-46.478126,-23.434552899999996
370214,-43.2494233,-22.8134098,-42.8211703,-5.0635434
370581,-46.6565842,-23.6273246,-48.4775227,-1.3820615
371291,-46.6565842,-23.6273246,-34.950613700000005,-7.147060000000001
371785,-46.6565842,-23.6273246,-35.3673819,-5.768370200000001
372169,-43.1648755,-22.911143799999998,-54.4909265,-25.5938142
372688,-35.792882899999995,-9.5116056,-46.6565842,-23.6273246
372713,-42.8211703,-5.0635434,-43.2494233,-22.8134098
373006,-35.3673819,-5.768370200000001,-46.6565842,-23.6273246
373079,-34.950613700000005,-7.147060000000001,-46.6565842,-23.6273246
373906,-37.07624620000001,-10.9822278,-46.6565842,-23.6273246
381368,-52.6606432,-27.134138500000002,-46.478126,-23.434552899999996
389588,-46.478126,-23.434552899999996,-52.6606432,-27.134138500000002
417890,-56.03024179999999,-34.8371859,-34.924015399999995,-8.1259315
427595,-34.924015399999995,-8.1259315,-56.03024179999999,-34.8371859
434950,-41.7297975,-2.895248,-34.924015399999995,-8.1259315
437388,-50.2792827,-27.781831800000003,-47.1375685,-23.008205
439534,-47.1375685,-23.008205,-50.2792827,-27.781831800000003
442770,-60.046324899999995,-3.0358473999999998,-64.7695129,-7.2780848
443913,-55.6753917,-12.479855699999998,-56.117268700000004,-15.653078599999999
447520,-34.924015399999995,-8.1259315,-41.7297975,-2.895248
448597,-34.950613700000005,-7.147060000000001,-43.965396000000005,-19.634099
459183,-56.390135,-1.4855014,-56.7696703,-2.669512
459629,-56.117268700000004,-15.653078599999999,-55.6753917,-12.479855699999998
473749,-56.7696703,-2.669512,-56.390135,-1.4855014
475883,-43.965396000000005,-19.634099,-34.950613700000005,-7.147060000000001
496394,-48.614822,-17.725328,-43.965396000000005,-19.634099
496399,-43.965396000000005,-19.634099,-48.614822,-17.725328
505007,-35.792882899999995,-9.5116056,-51.175381099999996,-29.9934732
505012,-51.175381099999996,-29.9934732,-35.792882899999995,-9.5116056
507194,-34.924015399999995,-8.1259315,-48.2308653,-18.888969
507212,-48.2308653,-18.888969,-34.924015399999995,-8.1259315
514087,-46.478126,-23.434552899999996,1.2530653999999999,6.1705463
514100,1.2530653999999999,6.1705463,-46.478126,-23.434552899999996
541781,-74.14449690000001,4.7014128,-60.046324899999995,-3.0358473999999998
563040,-48.5459657,-27.670118,-49.1724811,-25.5327132
574020,-47.1375685,-23.008205,-39.272229100000004,-7.215097200000001
574168,-69.939394,-4.2503801,-64.7250955,-3.3804019999999997
581074,-64.7250955,-3.3804019999999997,-69.939394,-4.2503801
582248,-52.3638975,4.8222247000000005,-38.5330966,-3.7771555
588429,-38.5330966,-3.7771555,-52.3638975,4.8222247000000005
599553,-40.5660751,-9.3665077,-47.1375685,-23.008205
604738,-52.3296274,-28.2428363,-51.175381099999996,-29.9934732
610966,-51.175381099999996,-29.9934732,-52.3296274,-28.2428363
637486,-43.965396000000005,-19.634099,-63.89832,-8.7141702
641634,-48.2308653,-18.888969,-43.9548899,-19.8498475
646244,-63.89832,-8.7141702,-43.965396000000005,-19.634099
646362,-39.0821431,-16.4395303,-64.2123198,-31.315436699999996
664910,-44.2348802,-2.5849927000000004,-46.6565842,-23.6273246
666691,-46.6565842,-23.6273246,-44.2348802,-2.5849927000000004
674849,-64.2123198,-31.315436699999996,-39.0821431,-16.4395303
675610,-43.9548899,-19.8498475,-48.2308653,-18.888969
712789,-23.4865265,14.9453055,-34.924015399999995,-8.1259315
732010,-51.175381099999996,-29.9934732,-56.117268700000004,-15.653078599999999
761994,-56.117268700000004,-15.653078599999999,-51.175381099999996,-29.9934732
781795,-40.5660751,-9.3665077,-46.478126,-23.434552899999996
784787,-38.3312411,-12.9110977,-64.2123198,-31.315436699999996
784791,-64.2123198,-31.315436699999996,-38.3312411,-12.9110977
786418,-46.965260799999996,-19.5603461,-47.9623702,-19.766046399999997
787482,-49.1724811,-25.5327132,-49.2221166,-16.632488000000002
791168,-49.2221166,-16.632488000000002,-49.1724811,-25.5327132
791593,-47.9623702,-19.766046399999997,-46.965260799999996,-19.5603461
797088,-52.390556,-15.858693400000002,-56.117268700000004,-15.653078599999999
797107,-56.117268700000004,-15.653078599999999,-52.390556,-15.858693400000002
804316,-49.0663451,-28.6767653,-47.1375685,-23.008205
804331,-47.1375685,-23.008205,-49.0663451,-28.6767653
829588,-34.924015399999995,-8.1259315,9.276308,45.452176
829592,9.276308,45.452176,-38.5330966,-3.7771555
836299,-66.899163,-4.8755008,-65.3491463,-4.88428
836309,-65.3491463,-4.88428,-66.899163,-4.8755008
836393,-56.390135,-1.4855014,-60.046324899999995,-3.0358473999999998
836454,-60.046324899999995,-3.0358473999999998,-56.390135,-1.4855014
866322,-48.5459657,-27.670118,-52.3296274,-28.2428363
866546,-52.3296274,-28.2428363,-48.5459657,-27.670118
874199,-37.07624620000001,-10.9822278,-43.965396000000005,-19.634099
874204,-43.965396000000005,-19.634099,-37.07624620000001,-10.9822278
878845,-48.5459657,-27.670118,-54.4909265,-25.5938142
878860,-54.4909265,-25.5938142,-48.5459657,-27.670118
880494,-49.2221166,-16.632488000000002,-54.6741233,-20.4686937
881458,-54.6741233,-20.4686937,-49.2221166,-16.632488000000002
882349,-81.308083,28.4311577,-34.924015399999995,-8.1259315
882356,-34.924015399999995,-8.1259315,-81.308083,28.4311577
898083,-60.046324899999995,-3.0358473999999998,-67.894367,-9.870171000000001
898091,-67.894367,-9.870171000000001,-60.046324899999995,-3.0358473999999998
914311,-43.1648755,-22.911143799999998,-47.7751674,-21.134750699999998
914329,-47.7751674,-21.134750699999998,-43.1648755,-22.911143799999998
933928,-58.536758999999996,-34.816662,-38.3312411,-12.9110977
981340,-35.792882899999995,-9.5116056,-54.6741233,-20.4686937
981344,-54.6741233,-20.4686937,-35.792882899999995,-9.5116056
1020205,-49.2221166,-16.632488000000002,-51.175381099999996,-29.9934732
1020212,-51.175381099999996,-29.9934732,-49.2221166,-16.632488000000002
1027696,-56.4498277,-21.243192,-57.6608272,-19.016234
1027706,-57.6608272,-19.016234,-56.4498277,-21.243192
1035648,-58.534828399999995,-34.8150044,-43.965396000000005,-19.634099
1035676,-43.965396000000005,-19.634099,-58.534828399999995,-34.8150044
